{
  "unitId": "2_3_3_i_coda",
  "type": "letters",
  "title": {
    "ko": "2.3 (3) ㅣ + 종성(받침)",
    "en": "2.3 (3) i + final (CVC)",
    "ja": "2.3 (3) i + 終声 (CVC)",
    "zh": "2.3 (3) i + 终声 (CVC)",
    "vi": "2.3 (3) i + final (CVC)",
    "fr": "2.3 (3) i + final (CVC)",
    "de": "2.3 (3) i + Endkonsonant (CVC)",
    "es": "2.3 (3) i + final (CVC)",
    "ru": "2.3 (3) i + final (CVC)",
    "mn": "2.3 (3) i + final (CVC)"
  },
  "assetConventions": {
    "strokeJson": "assets/strokes/syllables/{glyph}.json",
    "audioMp3": "assets/audio/syllables/{glyph}.mp3"
  },
  "practice": {
    "enabled": true,
    "strokeAsset": "template",
    "audio": true,
    "repeat": 3
  },
  "sequence": [
    "긱",
    "긴",
    "길",
    "김",
    "깅",
    "깁",
    "깆",
    "깋",
    "깍",
    "깐",
    "깔",
    "깜",
    "깡",
    "깝",
    "깆",
    "깋",
    "낙",
    "난",
    "날",
    "남",
    "낭",
    "납",
    "낖",
    "낟",
    "닉",
    "닌",
    "닐",
    "님",
    "닝",
    "닙",
    "닛",
    "닏",
    "딕",
    "딘",
    "딜",
    "딤",
    "딩",
    "딥",
    "딧",
    "딛",
    "릭",
    "린",
    "릴",
    "림",
    "링",
    "립",
    "릿",
    "릿",
    "믹",
    "민",
    "밀",
    "밈",
    "밍",
    "밉",
    "밋",
    "믻",
    "믽",
    "빅",
    "빈",
    "빌",
    "빔",
    "빙",
    "빕",
    "빗",
    "빇",
    "빉",
    "식",
    "신",
    "실",
    "심",
    "싱",
    "십",
    "싯",
    "싣",
    "익",
    "인",
    "일",
    "임",
    "잉",
    "입",
    "잇",
    "잊",
    "직",
    "진",
    "질",
    "짐",
    "징",
    "집",
    "짓",
    "짇",
    "칙",
    "친",
    "칠",
    "침",
    "칭",
    "칩",
    "칫",
    "칟",
    "킥",
    "킨",
    "킬",
    "킴",
    "킹",
    "킵",
    "킷",
    "킷",
    "틱",
    "틴",
    "틸",
    "팀",
    "팅",
    "팁",
    "팃",
    "팋",
    "픽",
    "핀",
    "필",
    "핌",
    "핑",
    "핍",
    "핏",
    "핟",
    "힉",
    "힌",
    "힐",
    "힘",
    "힝",
    "힙",
    "힛",
    "힏"
  ],
  "uiHints": {
    "grid": 7,
    "rowGap": 8,
    "colGap": 8
  }
}