{
  "id": "2_4_b2_wa_cvc",
  "unitId": "2_4_b2_wa_cvc",
  "type": "list",
  "title": {
    "ko": "2.4 확장 — ㅘ 받침(CVC)",
    "en": "2.4 Extension — vowel ㅘ with finals (CVC)",
    "ja": "2.4 拡張 — ㅘ の終声（CVC）",
    "zh": "2.4 扩展 — 元音 ㅘ 含终声（CVC）",
    "vi": "2.4 Mở rộng — nguyên âm ㅘ có phụ âm cuối (CVC)",
    "fr": "2.4 Extension — voyelle ㅘ avec finale (CVC)",
    "de": "2.4 Erweiterung — Vokal ㅘ mit Endkonsonant (CVC)",
    "es": "2.4 Extensión — vocal ㅘ con final (CVC)",
    "ru": "2.4 Расширение — гласная ㅘ с конечной (CVC)",
    "mn": "2.4 Өргөтгөл — ㅘ эгшиг төгсгөлтэй (CVC)"
  },
  "description": {
    "ko": "복합모음 ㅘ와 어울리는 받침 CVC 조합을 연습합니다.",
    "en": "Practice common CVC combinations with the compound vowel ㅘ."
  },
  "ttsRulesRoute": "assets/data/common/tts_rules.json",
  "assetConventions": {
    "strokeJson": "assets/strokes/syllables/{glyph}.json",
    "audioMp3": "assets/audio/syllables/{glyph}.mp3"
  },
  "practice": { "enabled": true, "strokeAsset": "template", "audio": true, "repeat": 3 },
  "uiHints": { "grid": 7, "rowGap": 8, "colGap": 8 },
  "vowel": "ㅘ",
  "base": "와",
  "commonFinals": ["ㄴ", "ㄹ", "ㅁ", "ㅂ", "ㅇ"],
  "items": [
    { "syllable": "완", "title": { "ko": "완" }, "final": "ㄴ", "tts": { "ko": "완", "roman": "wan" } },
    { "syllable": "왈", "title": { "ko": "왈" }, "final": "ㄹ", "tts": { "ko": "왈", "roman": "wal" } },
    { "syllable": "왐", "title": { "ko": "왐" }, "final": "ㅁ", "tts": { "ko": "왐", "roman": "wam" } },
    { "syllable": "왑", "title": { "ko": "왑" }, "final": "ㅂ", "tts": { "ko": "왑", "roman": "wab" } },
    { "syllable": "왕", "title": { "ko": "왕" }, "final": "ㅇ", "tts": { "ko": "왕", "roman": "wang" } }
  ],
  "sequence": ["완", "왈", "왐", "왑", "왕"]
}
