{"assets/data/1_0_overview.json":["assets/data/1_0_overview.json"],"assets/data/1_1_consonantal_letter.json":["assets/data/1_1_consonantal_letter.json"],"assets/data/1_2_vowel_letter.json":["assets/data/1_2_vowel_letter.json"],"assets/data/index.json":["assets/data/index.json"],"assets/data/letters/2_1/2_1_1_basic.json":["assets/data/letters/2_1/2_1_1_basic.json"],"assets/data/letters/2_1/2_1_2_ga.json":["assets/data/letters/2_1/2_1_2_ga.json"],"assets/data/letters/2_1/2_1_3_gya.json":["assets/data/letters/2_1/2_1_3_gya.json"],"assets/data/letters/2_1/2_1_4_gae.json":["assets/data/letters/2_1/2_1_4_gae.json"],"assets/data/letters/2_1/2_1_5_gyae.json":["assets/data/letters/2_1/2_1_5_gyae.json"],"assets/data/letters/2_1/2_1_6_geo_eo.json":["assets/data/letters/2_1/2_1_6_geo_eo.json"],"assets/data/letters/2_1/2_1_7_gyeo_yeo.json":["assets/data/letters/2_1/2_1_7_gyeo_yeo.json"],"assets/data/letters/2_1/2_1_8_ge_e.json":["assets/data/letters/2_1/2_1_8_ge_e.json"],"assets/data/letters/2_1/2_1_9_gye_ye.json":["assets/data/letters/2_1/2_1_9_gye_ye.json"],"assets/data/letters/2_1_left_right_index.json":["assets/data/letters/2_1_left_right_index.json"],"assets/data/letters/2_2/2_2_1_eu_batchim.json":["assets/data/letters/2_2/2_2_1_eu_batchim.json"],"assets/data/letters/2_2/2_2_1_geu.json":["assets/data/letters/2_2/2_2_1_geu.json"],"assets/data/letters/2_2/2_2_2_go.json":["assets/data/letters/2_2/2_2_2_go.json"],"assets/data/letters/2_2/2_2_2_o_batchim.json":["assets/data/letters/2_2/2_2_2_o_batchim.json"],"assets/data/letters/2_2/2_2_3_gyo.json":["assets/data/letters/2_2/2_2_3_gyo.json"],"assets/data/letters/2_2/2_2_3_yo_batchim.json":["assets/data/letters/2_2/2_2_3_yo_batchim.json"],"assets/data/letters/2_2/2_2_4_gu.json":["assets/data/letters/2_2/2_2_4_gu.json"],"assets/data/letters/2_2/2_2_4_u_batchim.json":["assets/data/letters/2_2/2_2_4_u_batchim.json"],"assets/data/letters/2_2/2_2_5_gyu.json":["assets/data/letters/2_2/2_2_5_gyu.json"],"assets/data/letters/2_2/2_2_5_yu_batchim.json":["assets/data/letters/2_2/2_2_5_yu_batchim.json"],"assets/data/letters/2_2/2_2_top_bottom_index.json":["assets/data/letters/2_2/2_2_top_bottom_index.json"],"assets/data/letters/2_2/2_2_with_batchim_eu.json":["assets/data/letters/2_2/2_2_with_batchim_eu.json"],"assets/data/letters/2_2/2_2_with_batchim_index.json":["assets/data/letters/2_2/2_2_with_batchim_index.json"],"assets/data/letters/2_2/2_2_with_batchim_o.json":["assets/data/letters/2_2/2_2_with_batchim_o.json"],"assets/data/letters/2_2/2_2_with_batchim_u.json":["assets/data/letters/2_2/2_2_with_batchim_u.json"],"assets/data/letters/2_2/2_2_with_batchim_yo.json":["assets/data/letters/2_2/2_2_with_batchim_yo.json"],"assets/data/letters/2_2/2_2_with_batchim_yu.json":["assets/data/letters/2_2/2_2_with_batchim_yu.json"],"assets/data/letters/2_2_top_bottom_index.json":["assets/data/letters/2_2_top_bottom_index.json"],"assets/data/letters/2_3/2_3_1_a_ya_ae_yae_coda.json":["assets/data/letters/2_3/2_3_1_a_ya_ae_yae_coda.json"],"assets/data/letters/2_3/2_3_2_eo_yeo_e_ye_coda.json":["assets/data/letters/2_3/2_3_2_eo_yeo_e_ye_coda.json"],"assets/data/letters/2_3/2_3_3_i_coda - 복사본.json":["assets/data/letters/2_3/2_3_3_i_coda - 복사본.json"],"assets/data/letters/2_3/2_3_3_i_coda.json":["assets/data/letters/2_3/2_3_3_i_coda.json"],"assets/data/letters/2_3_complex_index.json":["assets/data/letters/2_3_complex_index.json"],"assets/data/letters/2_4/2_4_1_ui_cv.json":["assets/data/letters/2_4/2_4_1_ui_cv.json"],"assets/data/letters/2_4/2_4_1_ui_cvc.json":["assets/data/letters/2_4/2_4_1_ui_cvc.json"],"assets/data/letters/2_4/2_4_2_wa_cv.json":["assets/data/letters/2_4/2_4_2_wa_cv.json"],"assets/data/letters/2_4/2_4_2_wa_cvc.json":["assets/data/letters/2_4/2_4_2_wa_cvc.json"],"assets/data/letters/2_4/2_4_3_wae_oe_cv.json":["assets/data/letters/2_4/2_4_3_wae_oe_cv.json"],"assets/data/letters/2_4/2_4_3_wae_oe_cvc.json":["assets/data/letters/2_4/2_4_3_wae_oe_cvc.json"],"assets/data/letters/2_4/2_4_4_wo_cv.json":["assets/data/letters/2_4/2_4_4_wo_cv.json"],"assets/data/letters/2_4/2_4_4_wo_cvc.json":["assets/data/letters/2_4/2_4_4_wo_cvc.json"],"assets/data/letters/2_4/2_4_5_we_wi_cv.json":["assets/data/letters/2_4/2_4_5_we_wi_cv.json"],"assets/data/letters/2_4/2_4_5_we_wi_cvc.json":["assets/data/letters/2_4/2_4_5_we_wi_cvc.json"],"assets/data/letters/2_4/2_4_b1_ui_cvc.json":["assets/data/letters/2_4/2_4_b1_ui_cvc.json"],"assets/data/letters/2_4/2_4_b2_wa_cvc.json":["assets/data/letters/2_4/2_4_b2_wa_cvc.json"],"assets/data/letters/2_4/2_4_b3_wae_oe_cvc.json":["assets/data/letters/2_4/2_4_b3_wae_oe_cvc.json"],"assets/data/letters/2_4/2_4_b4_wo_cvc.json":["assets/data/letters/2_4/2_4_b4_wo_cvc.json"],"assets/data/letters/2_4/2_4_b5_we_wi_cvc.json":["assets/data/letters/2_4/2_4_b5_we_wi_cvc.json"],"assets/data/letters/2_4/2_4_base_index.json":["assets/data/letters/2_4/2_4_base_index.json"],"assets/data/letters/2_4/2_4_with_batchim_index.json":["assets/data/letters/2_4/2_4_with_batchim_index.json"],"assets/data/letters/2_4_ui_index.json":["assets/data/letters/2_4_ui_index.json"],"assets/data/letters/2_index.json":["assets/data/letters/2_index.json"],"assets/data/letters/overviews/2_0_overview.json":["assets/data/letters/overviews/2_0_overview.json"],"assets/data/letters/overviews/2_1_overview.json":["assets/data/letters/overviews/2_1_overview.json"],"assets/data/letters/overviews/2_2_overview.json":["assets/data/letters/overviews/2_2_overview.json"],"assets/data/letters/overviews/2_3_overview.json":["assets/data/letters/overviews/2_3_overview.json"],"assets/data/letters/overviews/2_4_overview.json":["assets/data/letters/overviews/2_4_overview.json"],"assets/data/letters/unit_2_1_left_right.json":["assets/data/letters/unit_2_1_left_right.json"],"assets/data/sentence/4_1_basic_sentences.json":["assets/data/sentence/4_1_basic_sentences.json"],"assets/data/sentence/4_2_pattern_SOV.json":["assets/data/sentence/4_2_pattern_SOV.json"],"assets/data/sentence/4_3_conversation_sentences.json":["assets/data/sentence/4_3_conversation_sentences.json"],"assets/data/sentence/4_4_restaurant_sentences.json":["assets/data/sentence/4_4_restaurant_sentences.json"],"assets/data/sentence/4_5_store_sentences.json":["assets/data/sentence/4_5_store_sentences.json"],"assets/data/sentence/4_6_direction_sentences.json":["assets/data/sentence/4_6_direction_sentences.json"],"assets/data/sentence/4_7_time_sentences.json":["assets/data/sentence/4_7_time_sentences.json"],"assets/data/sentence/4_sentence_index.json":["assets/data/sentence/4_sentence_index.json"],"assets/data/vowels.json":["assets/data/vowels.json"],"assets/data/word/3_1_basic_words.json":["assets/data/word/3_1_basic_words.json"],"assets/data/word/3_2_pos_words.json":["assets/data/word/3_2_pos_words.json"],"assets/data/word/3_3_semantic_words.json":["assets/data/word/3_3_semantic_words.json"],"assets/data/word/3_3_thematic_words.json":["assets/data/word/3_3_thematic_words.json"],"assets/data/word/3_4_situational_words.json":["assets/data/word/3_4_situational_words.json"],"assets/data/word/3_5_market_words.json":["assets/data/word/3_5_market_words.json"],"assets/data/word/3_6_time_words.json":["assets/data/word/3_6_time_words.json"],"assets/data/word/3_7_transport_words.json":["assets/data/word/3_7_transport_words.json"],"assets/data/word/3_word_index.json":["assets/data/word/3_word_index.json"],"assets/images/strokes/consonants/stroke_ㄱ.png":["assets/images/strokes/consonants/stroke_ㄱ.png"],"assets/images/strokes/consonants/stroke_ㄱ_ㅅ.png":["assets/images/strokes/consonants/stroke_ㄱ_ㅅ.png"],"assets/images/strokes/consonants/stroke_ㄲ.png":["assets/images/strokes/consonants/stroke_ㄲ.png"],"assets/images/strokes/consonants/stroke_ㄴ.png":["assets/images/strokes/consonants/stroke_ㄴ.png"],"assets/images/strokes/consonants/stroke_ㄴ_ㅈ.png":["assets/images/strokes/consonants/stroke_ㄴ_ㅈ.png"],"assets/images/strokes/consonants/stroke_ㄴ_ㅎ.png":["assets/images/strokes/consonants/stroke_ㄴ_ㅎ.png"],"assets/images/strokes/consonants/stroke_ㄷ.png":["assets/images/strokes/consonants/stroke_ㄷ.png"],"assets/images/strokes/consonants/stroke_ㄸ.png":["assets/images/strokes/consonants/stroke_ㄸ.png"],"assets/images/strokes/consonants/stroke_ㄹ.png":["assets/images/strokes/consonants/stroke_ㄹ.png"],"assets/images/strokes/consonants/stroke_ㄹ_ㄱ.png":["assets/images/strokes/consonants/stroke_ㄹ_ㄱ.png"],"assets/images/strokes/consonants/stroke_ㄹ_ㅁ.png":["assets/images/strokes/consonants/stroke_ㄹ_ㅁ.png"],"assets/images/strokes/consonants/stroke_ㄹ_ㅂ.png":["assets/images/strokes/consonants/stroke_ㄹ_ㅂ.png"],"assets/images/strokes/consonants/stroke_ㄹ_ㅅ.png":["assets/images/strokes/consonants/stroke_ㄹ_ㅅ.png"],"assets/images/strokes/consonants/stroke_ㄹ_ㅌ.png":["assets/images/strokes/consonants/stroke_ㄹ_ㅌ.png"],"assets/images/strokes/consonants/stroke_ㄹ_ㅍ.png":["assets/images/strokes/consonants/stroke_ㄹ_ㅍ.png"],"assets/images/strokes/consonants/stroke_ㄹ_ㅎ.png":["assets/images/strokes/consonants/stroke_ㄹ_ㅎ.png"],"assets/images/strokes/consonants/stroke_ㅁ.png":["assets/images/strokes/consonants/stroke_ㅁ.png"],"assets/images/strokes/consonants/stroke_ㅂ.png":["assets/images/strokes/consonants/stroke_ㅂ.png"],"assets/images/strokes/consonants/stroke_ㅂ_ㅅ.png":["assets/images/strokes/consonants/stroke_ㅂ_ㅅ.png"],"assets/images/strokes/consonants/stroke_ㅃ.png":["assets/images/strokes/consonants/stroke_ㅃ.png"],"assets/images/strokes/consonants/stroke_ㅅ.png":["assets/images/strokes/consonants/stroke_ㅅ.png"],"assets/images/strokes/consonants/stroke_ㅆ.png":["assets/images/strokes/consonants/stroke_ㅆ.png"],"assets/images/strokes/consonants/stroke_ㅇ.png":["assets/images/strokes/consonants/stroke_ㅇ.png"],"assets/images/strokes/consonants/stroke_ㅈ.png":["assets/images/strokes/consonants/stroke_ㅈ.png"],"assets/images/strokes/consonants/stroke_ㅉ.png":["assets/images/strokes/consonants/stroke_ㅉ.png"],"assets/images/strokes/consonants/stroke_ㅊ.png":["assets/images/strokes/consonants/stroke_ㅊ.png"],"assets/images/strokes/consonants/stroke_ㅋ.png":["assets/images/strokes/consonants/stroke_ㅋ.png"],"assets/images/strokes/consonants/stroke_ㅌ.png":["assets/images/strokes/consonants/stroke_ㅌ.png"],"assets/images/strokes/consonants/stroke_ㅍ.png":["assets/images/strokes/consonants/stroke_ㅍ.png"],"assets/images/strokes/consonants/stroke_ㅎ.png":["assets/images/strokes/consonants/stroke_ㅎ.png"],"assets/images/strokes/vowels/a.png":["assets/images/strokes/vowels/a.png"],"assets/images/strokes/vowels/ae.png":["assets/images/strokes/vowels/ae.png"],"assets/images/strokes/vowels/e.png":["assets/images/strokes/vowels/e.png"],"assets/images/strokes/vowels/eo.png":["assets/images/strokes/vowels/eo.png"],"assets/images/strokes/vowels/eu.png":["assets/images/strokes/vowels/eu.png"],"assets/images/strokes/vowels/i.png":["assets/images/strokes/vowels/i.png"],"assets/images/strokes/vowels/o.png":["assets/images/strokes/vowels/o.png"],"assets/images/strokes/vowels/oe.png":["assets/images/strokes/vowels/oe.png"],"assets/images/strokes/vowels/u.png":["assets/images/strokes/vowels/u.png"],"assets/images/strokes/vowels/ui.png":["assets/images/strokes/vowels/ui.png"],"assets/images/strokes/vowels/wa.png":["assets/images/strokes/vowels/wa.png"],"assets/images/strokes/vowels/wae.png":["assets/images/strokes/vowels/wae.png"],"assets/images/strokes/vowels/we.png":["assets/images/strokes/vowels/we.png"],"assets/images/strokes/vowels/wi.png":["assets/images/strokes/vowels/wi.png"],"assets/images/strokes/vowels/wo.png":["assets/images/strokes/vowels/wo.png"],"assets/images/strokes/vowels/ya.png":["assets/images/strokes/vowels/ya.png"],"assets/images/strokes/vowels/yae.png":["assets/images/strokes/vowels/yae.png"],"assets/images/strokes/vowels/ye.png":["assets/images/strokes/vowels/ye.png"],"assets/images/strokes/vowels/yeo.png":["assets/images/strokes/vowels/yeo.png"],"assets/images/strokes/vowels/yo.png":["assets/images/strokes/vowels/yo.png"],"assets/images/strokes/vowels/yu.png":["assets/images/strokes/vowels/yu.png"],"assets/qa/qa_checklist.json":["assets/qa/qa_checklist.json"],"packages/cupertino_icons/assets/CupertinoIcons.ttf":["packages/cupertino_icons/assets/CupertinoIcons.ttf"]}