{
  "unit": "3. 단어",
  "lesson_id": "3_2",
  "title": {
    "ko": "품사별 단어",
    "en": "Words by Part of Speech",
    "ja": "品詞別の単語",
    "zh": "按词性分类的词汇",
    "vi": "Từ theo từ loại",
    "fr": "Mots par catégorie grammaticale",
    "de": "Wörter nach Wortarten",
    "es": "Palabras por categoría gramatical",
    "ru": "Слова по частям речи",
    "mn": "Үгсийг үгийн аймагаар"
  },
  "constraints": { "allowed_syllables_ref": "unit2_letters", "max_syllables_per_word": 4 },
  "items": [
    { "id": "n_0001", "type": "word", "text": "사람",
      "meanings": { "ko": "", "en": "person", "ja": "人", "zh": "人", "vi": "người", "fr": "personne", "de": "Person", "es": "persona", "ru": "человек", "mn": "хүн" },
      "reading": { "enabled": true, "display": "text" },
      "writing": { "enabled": true, "guides": ["사","람"] },
      "tts": { "text": "사람", "lang": "ko-KR", "rate": 0.5, "pitch": 1.0, "volume": 1.0 },
      "metadata": { "pos": "명사", "themes": ["사람/관계"] } },
    { "id": "n_0002", "type": "word", "text": "학교",
      "meanings": { "ko": "", "en": "school", "ja": "学校", "zh": "学校", "vi": "trường học", "fr": "école", "de": "Schule", "es": "escuela", "ru": "школа", "mn": "сургууль" },
      "reading": { "enabled": true, "display": "text" },
      "writing": { "enabled": true, "guides": ["학","교"] },
      "tts": { "text": "학교", "lang": "ko-KR", "rate": 0.5, "pitch": 1.0, "volume": 1.0 },
      "metadata": { "pos": "명사", "themes": ["학교"] } },
    { "id": "n_0003", "type": "word", "text": "컴퓨터",
      "meanings": { "ko": "", "en": "computer", "ja": "コンピューター", "zh": "电脑", "vi": "máy tính", "fr": "ordinateur", "de": "Computer", "es": "computadora", "ru": "компьютер", "mn": "компьютер" },
      "reading": { "enabled": true, "display": "text" },
      "writing": { "enabled": true, "guides": ["컴","퓨","터"] },
      "tts": { "text": "컴퓨터", "lang": "ko-KR", "rate": 0.5, "pitch": 1.0, "volume": 1.0 },
      "metadata": { "pos": "명사", "themes": ["기술"] } },
    { "id": "n_0004", "type": "word", "text": "시간",
      "meanings": { "ko": "", "en": "time", "ja": "時間", "zh": "时间", "vi": "thời gian", "fr": "temps", "de": "Zeit", "es": "tiempo", "ru": "время", "mn": "цаг" },
      "reading": { "enabled": true, "display": "text" },
      "writing": { "enabled": true, "guides": ["시","간"] },
      "tts": { "text": "시간", "lang": "ko-KR", "rate": 0.5, "pitch": 1.0, "volume": 1.0 },
      "metadata": { "pos": "명사", "themes": ["일상"] } },
    { "id": "n_0005", "type": "word", "text": "책",
      "meanings": { "ko": "", "en": "book", "ja": "本", "zh": "书", "vi": "sách", "fr": "livre", "de": "Buch", "es": "libro", "ru": "книга", "mn": "ном" },
      "reading": { "enabled": true, "display": "text" },
      "writing": { "enabled": true, "guides": ["책"] },
      "tts": { "text": "책", "lang": "ko-KR", "rate": 0.5, "pitch": 1.0, "volume": 1.0 },
      "metadata": { "pos": "명사", "themes": ["학습","독서"] } },

    { "id": "v_0001", "type": "word", "text": "가다",
      "meanings": { "ko": "", "en": "to go", "ja": "行く", "zh": "去", "vi": "đi", "fr": "aller", "de": "gehen", "es": "ir", "ru": "идти", "mn": "явах" },
      "reading": { "enabled": true, "display": "text" },
      "writing": { "enabled": true, "guides": ["가","다"] },
      "tts": { "text": "가다", "lang": "ko-KR", "rate": 0.5, "pitch": 1.0, "volume": 1.0 },
      "metadata": { "pos": "동사", "themes": ["이동"] } },
    { "id": "v_0002", "type": "word", "text": "오다",
      "meanings": { "ko": "", "en": "to come", "ja": "来る", "zh": "来", "vi": "đến", "fr": "venir", "de": "kommen", "es": "venir", "ru": "приходить", "mn": "ирэх" },
      "reading": { "enabled": true, "display": "text" },
      "writing": { "enabled": true, "guides": ["오","다"] },
      "tts": { "text": "오다", "lang": "ko-KR", "rate": 0.5, "pitch": 1.0, "volume": 1.0 },
      "metadata": { "pos": "동사", "themes": ["이동"] } },
    { "id": "v_0003", "type": "word", "text": "먹다",
      "meanings": { "ko": "", "en": "to eat", "ja": "食べる", "zh": "吃", "vi": "ăn", "fr": "manger", "de": "essen", "es": "comer", "ru": "есть", "mn": "идэх" },
      "reading": { "enabled": true, "display": "text" },
      "writing": { "enabled": true, "guides": ["먹","다"] },
      "tts": { "text": "먹다", "lang": "ko-KR", "rate": 0.5, "pitch": 1.0, "volume": 1.0 },
      "metadata": { "pos": "동사", "themes": ["음식/음료"] } },
    { "id": "v_0004", "type": "word", "text": "마시다",
      "meanings": { "ko": "", "en": "to drink", "ja": "飲む", "zh": "喝", "vi": "uống", "fr": "boire", "de": "trinken", "es": "beber", "ru": "пить", "mn": "уух" },
      "reading": { "enabled": true, "display": "text" },
      "writing": { "enabled": true, "guides": ["마","시","다"] },
      "tts": { "text": "마시다", "lang": "ko-KR", "rate": 0.5, "pitch": 1.0, "volume": 1.0 },
      "metadata": { "pos": "동사", "themes": ["음식/음료"] } },
    { "id": "v_0005", "type": "word", "text": "배우다",
      "meanings": { "ko": "", "en": "to learn", "ja": "学ぶ", "zh": "学习", "vi": "học", "fr": "apprendre", "de": "lernen", "es": "aprender", "ru": "учиться", "mn": "сурах" },
      "reading": { "enabled": true, "display": "text" },
      "writing": { "enabled": true, "guides": ["배","우","다"] },
      "tts": { "text": "배우다", "lang": "ko-KR", "rate": 0.5, "pitch": 1.0, "volume": 1.0 },
      "metadata": { "pos": "동사", "themes": ["학습"] } },

    { "id": "a_0001", "type": "word", "text": "크다",
      "meanings": { "ko": "", "en": "big", "ja": "大きい", "zh": "大", "vi": "to", "fr": "grand(e)", "de": "groß", "es": "grande", "ru": "большой", "mn": "том" },
      "reading": { "enabled": true, "display": "text" },
      "writing": { "enabled": true, "guides": ["크","다"] },
      "tts": { "text": "크다", "lang": "ko-KR", "rate": 0.5, "pitch": 1.0, "volume": 1.0 },
      "metadata": { "pos": "형용사", "themes": ["묘사"] } },
    { "id": "a_0002", "type": "word", "text": "작다",
      "meanings": { "ko": "", "en": "small", "ja": "小さい", "zh": "小", "vi": "nhỏ", "fr": "petit(e)", "de": "klein", "es": "pequeño/a", "ru": "маленький", "mn": "жижиг" },
      "reading": { "enabled": true, "display": "text" },
      "writing": { "enabled": true, "guides": ["작","다"] },
      "tts": { "text": "작다", "lang": "ko-KR", "rate": 0.5, "pitch": 1.0, "volume": 1.0 },
      "metadata": { "pos": "형용사", "themes": ["묘사"] } },
    { "id": "a_0003", "type": "word", "text": "빠르다",
      "meanings": { "ko": "", "en": "fast", "ja": "速い", "zh": "快", "vi": "nhanh", "fr": "rapide", "de": "schnell", "es": "rápido/a", "ru": "быстрый", "mn": "хурдан" },
      "reading": { "enabled": true, "display": "text" },
      "writing": { "enabled": true, "guides": ["빠","르","다"] },
      "tts": { "text": "빠르다", "lang": "ko-KR", "rate": 0.5, "pitch": 1.0, "volume": 1.0 },
      "metadata": { "pos": "형용사", "themes": ["묘사"] } },
    { "id": "a_0004", "type": "word", "text": "느리다",
      "meanings": { "ko": "", "en": "slow", "ja": "遅い", "zh": "慢", "vi": "chậm", "fr": "lent(e)", "de": "langsam", "es": "lento/a", "ru": "медленный", "mn": "удаан" },
      "reading": { "enabled": true, "display": "text" },
      "writing": { "enabled": true, "guides": ["느","리","다"] },
      "tts": { "text": "느리다", "lang": "ko-KR", "rate": 0.5, "pitch": 1.0, "volume": 1.0 },
      "metadata": { "pos": "형용사", "themes": ["묘사"] } },
    { "id": "a_0005", "type": "word", "text": "재미있다",
      "meanings": { "ko": "", "en": "fun/interesting", "ja": "おもしろい", "zh": "有趣", "vi": "thú vị", "fr": "intéressant(e)/amusant(e)", "de": "interessant/lustig", "es": "interesante/divertido", "ru": "интересный", "mn": "сонирхолтой" },
      "reading": { "enabled": true, "display": "text" },
      "writing": { "enabled": true, "guides": ["재","미","있","다"] },
      "tts": { "text": "재미있다", "lang": "ko-KR", "rate": 0.5, "pitch": 1.0, "volume": 1.0 },
      "metadata": { "pos": "형용사", "themes": ["감정/평가"] } }
  ],
  "activities": [
    { "id": "a_read_cards_pos_01", "type": "read_cards",
      "title": { "ko": "읽기 카드", "en": "Reading Cards", "ja": "リーディングカード", "zh": "阅读卡片", "vi": "Thẻ đọc", "fr": "Cartes de lecture", "de": "Lesekarten", "es": "Tarjetas de lectura", "ru": "Карточки для чтения", "mn": "Унших карт" },
      "options": { "items": ["n_0001","n_0002","n_0003","n_0004","n_0005","v_0001","v_0002","v_0003","v_0004","v_0005","a_0001","a_0002","a_0003","a_0004","a_0005"], "autoShuffle": true } },
    { "id": "a_read_match_pos_01", "type": "read_match_pos",
      "title": { "ko": "품사 맞추기", "en": "Match the Part of Speech", "ja": "品詞マッチ", "zh": "配对词性", "vi": "Nối từ loại", "fr": "Associer la catégorie grammaticale", "de": "Wortart zuordnen", "es": "Relacionar categoría gramatical", "ru": "Соотнесите часть речи", "mn": "Үгийн аймаг тааруулах" },
      "options": { "pairs": [["가다","동사"],["사람","명사"],["크다","형용사"]] } },
    { "id": "a_write_words_pos_01", "type": "write_words",
      "title": { "ko": "품사별 따라 쓰기", "en": "Copy by POS", "ja": "品詞別書き写し", "zh": "按词性抄写", "vi": "Chép theo theo từ loại", "fr": "Copier par catégorie", "de": "Nach Wortart abschreiben", "es": "Copiar por categoría", "ru": "Переписать по частям речи", "mn": "Үгийн аймгаар хуулж бич" },
      "options": { "items": ["n_0002","n_0005","v_0003","v_0005","a_0001","a_0005"] } }
  ]
}
