{
  "id": "2_4",
  "title": {
    "ko": "ㅢ형",
    "en": "Ui-type (ㅢ)",
    "ja": "ㅢ型",
    "zh": "“ㅢ”型",
    "vi": "Dạng ㅢ",
    "fr": "Type ㅢ",
    "de": "ㅢ-Typ",
    "es": "Tipo ㅢ",
    "ru": "Тип ㅢ",
    "mn": "ㅢ хэлбэр"
  },
  "description": {
    "ko": "초성·중성만으로 이루어진 경우와, 종성(받침)을 포함한 경우 모두를 아우르는 ‘ㅢ형’ 글자 배열을 연습합니다.",
    "en": "Practice the Ui-type layout both without a final (initial+medial) and with a final consonant (batchim).",
    "ja": "初声＋中声のみ、または終声（パッチム）を含む場合のいずれも含む「ㅢ型」の配置を練習します。",
    "zh": "练习“ㅢ型”的字形布局，既涵盖仅有初声+中声的情况，也涵盖含有终声（收音）的情况。",
    "vi": "Luyện bố cục kiểu ㅢ cho cả trường hợp không có phụ âm cuối (chỉ âm đầu+âm chính) và có phụ âm cuối.",
    "fr": "Entraînez la mise en page de type ㅢ, sans finale (initiale+médiane) et avec consonne finale (batchim).",
    "de": "Üben Sie das ㅢ-Layout sowohl ohne Endkonsonant (Anlaut+Inlaut) als auch mit Endkonsonant (Batchim).",
    "es": "Practica el diseño tipo ㅢ tanto sin final (inicial+medial) como con consonante final (batchim).",
    "ru": "Отработайте компоновку типа ㅢ: и без финали (начальный+средний), и с финальной согласной (батчим).",
    "mn": "“ㅢ” хэлбэрийн байрлалд төгсгөлгүй (эх+гол) болон төгсгөлтэй (батчим) тохиолдлуудыг хоёуланг нь дадлага хийнэ."
  },
  "overviewRef": "assets/data/letters/overviews/2_4_overview.json",
  "variants": []
}
