{
  "project_info": {
    "project_number": "358167438086",
    "project_id": "korean-writing-app-6c4f6",
    "storage_bucket": "korean-writing-app-6c4f6.firebasestorage.app"
  },
  "client": [
    {
      "client_info": {
        "mobilesdk_app_id": "1:358167438086:android:9a0ce3e43f43edf759b487",
        "android_client_info": {
          "package_name": "com.example.korean_writing_app_new"
        }
      },
      "oauth_client": [],
      "api_key": [
        {
          "current_key": "AIzaSyBLmGFsZ6nKw_ulbgHUqWdYfhOuaUQ7Gf4"
        }
      ],
      "services": {
        "appinvite_service": {
          "other_platform_oauth_client": []
        }
      }
    }
  ],
  "configuration_version": "1"
}